SILO;TIPO;URL COMPLETA;SLUG;TÍTULO DA PÁGINA;META DESCRIPTION;KEYWORD PRINCIPAL;INTENÇÃO;PRIORIDADE;SCHEMA;LINKA PARA;RECEBE LINK DE
RAIZ;Pilar Principal;https://zencial.info/queda-de-cabelo/;/queda-de-cabelo/;Zencial para Queda de Cabelo: Funciona? [Análise Completa 2025];Zencial realmente funciona para queda de cabelo? Analisamos ingredientes resultados reais e comparamos com Minoxidil. Veja antes e depois de verdade.;zencial queda de cabelo;Informacional + Branded;MÁXIMA;Article + FAQPage;Todos os artigos filhos;Todos os artigos filhos
SILO 1 - Produto;Artigo Filho;https://zencial.info/envy-hair/;/envy-hair/;Zencial Envy Hair: Sérum Capilar para Queda e Crescimento;Conheça o Zencial Envy Hair o sérum capilar com óleo de alecrim que promete reduzir a queda em 92%. Veja ingredientes preço e como funciona.;zencial envy hair;Produto / Branded;ALTA;Article + Product;/queda-de-cabelo/ + /ingredientes/;/queda-de-cabelo/
SILO 1 - Produto;Artigo Filho;https://zencial.info/ingredientes/;/ingredientes/;Ingredientes do Zencial: O que Tem na Fórmula e Para que Serve;Descubra os ingredientes do Zencial Envy Hair - óleo de alecrim rícino jojoba amla e mais. Entenda a ciência por trás de cada ativo.;ingredientes do zencial;Informacional / Branded;ALTA;Article + DefinedTerm;/queda-de-cabelo/ + /envy-hair/;/queda-de-cabelo/ + /envy-hair/
SILO 1 - Produto;Artigo Filho;https://zencial.info/como-usar/;/como-usar/;Como Usar o Zencial: Guia Passo a Passo para Resultados Reais;Aprenda como usar o Zencial do jeito certo para potencializar os resultados. Frequência quantidade técnica de aplicação e erros comuns a evitar.;como usar zencial;Informacional / Branded;ALTA;Article + HowTo;/queda-de-cabelo/ + /envy-hair/;/queda-de-cabelo/
SILO 2 - Resultados;Artigo Filho;https://zencial.info/funciona/;/funciona/;Zencial Funciona? Veja os Resultados Reais de Quem Já Usou;Zencial funciona mesmo? Analisamos mais de 200 avaliações reais de clientes os prós e contras e o que esperar em cada semana de uso.;zencial funciona;Review / Branded;MÁXIMA;Review + AggregateRating + FAQPage;/queda-de-cabelo/ + /antes-e-depois/;/queda-de-cabelo/
SILO 2 - Resultados;Artigo Filho;https://zencial.info/antes-e-depois/;/antes-e-depois/;Zencial Antes e Depois: Fotos e Resultados Reais por Semana;Veja fotos reais de antes e depois de quem usou o Zencial. Timeline de resultados: o que esperar na semana 2 4 8 e 12.;zencial antes e depois;Prova Social / Branded;ALTA;Article + ImageObject;/queda-de-cabelo/ + /funciona/;/queda-de-cabelo/ + /funciona/
SILO 2 - Resultados;Artigo Filho;https://zencial.info/depoimentos/;/depoimentos/;Depoimentos Zencial: Opiniões Reais Organizadas por Perfil de Queda;Leia depoimentos reais de usuárias do Zencial organizados por tipo de queda - pós-parto estresse e queda genética. Sem filtros.;zencial depoimentos;Prova Social / Branded;MÉDIA;Review + AggregateRating;/queda-de-cabelo/ + /funciona/;/queda-de-cabelo/
SILO 3 - Educação;Artigo Filho;https://zencial.info/oleo-de-alecrim-queda-de-cabelo/;/oleo-de-alecrim-queda-de-cabelo/;Óleo de Alecrim para Queda de Cabelo: Funciona? A Ciência Explica;O óleo de alecrim funciona para queda de cabelo? Estudo de 2023 comparou com Minoxidil 5%. Veja a ciência e como usar corretamente.;oleo de alecrim queda de cabelo;Informacional;ALTA;Article + FAQPage;/queda-de-cabelo/ + /oleo-de-alecrim-vs-minoxidil/;/queda-de-cabelo/ + /vs-minoxidil/
SILO 3 - Educação;Artigo Filho;https://zencial.info/oleo-de-alecrim-vs-minoxidil/;/oleo-de-alecrim-vs-minoxidil/;Óleo de Alecrim vs Minoxidil: Qual é Melhor para Queda de Cabelo?;Comparativo completo entre óleo de alecrim e Minoxidil 5% para queda de cabelo. Eficácia efeitos colaterais custo-benefício e para quem indicar.;oleo de alecrim vs minoxidil;Comparativo;ALTA;Article + FAQPage;/queda-de-cabelo/ + /oleo-de-alecrim-queda-de-cabelo/;/queda-de-cabelo/ + /vs-minoxidil/
SILO 3 - Educação;Artigo Filho;https://zencial.info/causas-queda-de-cabelo-feminina/;/causas-queda-de-cabelo-feminina/;Queda de Cabelo Feminina: 9 Causas Principais e Como Tratar em 2025;Descubra as principais causas da queda de cabelo feminina - pós-parto estresse anemia hormônios - e quais tratamentos funcionam de verdade.;causas queda de cabelo feminina;Informacional;MÉDIA;Article + FAQPage;/queda-de-cabelo/ + /oleo-de-alecrim-queda-de-cabelo/;/queda-de-cabelo/
SILO 4 - Comparativos;Artigo Filho;https://zencial.info/vs-minoxidil/;/vs-minoxidil/;Zencial vs Minoxidil: Qual Funciona Melhor para Queda de Cabelo?;Zencial ou Minoxidil: qual escolher? Comparamos eficácia efeitos colaterais custo e facilidade de uso. Descubra qual é a melhor opção para o seu caso.;zencial vs minoxidil;Comparativo / Branded;ALTA;Article + FAQPage;/queda-de-cabelo/ + /oleo-de-alecrim-vs-minoxidil/;/queda-de-cabelo/ + /oleo-de-alecrim-vs-minoxidil/
SILO 4 - Comparativos;Artigo Filho;https://zencial.info/melhor-serum-capilar/;/melhor-serum-capilar/;Melhor Sérum para Queda de Cabelo em 2025: Top 5 Testados e Avaliados;Quais são os melhores séruns para queda de cabelo em 2025? Testamos e avaliamos 5 produtos com ingredientes eficácia e custo-benefício. Zencial incluído.;melhor serum para queda de cabelo;Transacional;ALTA;Article + ItemList + FAQPage;/queda-de-cabelo/ + /funciona/;/queda-de-cabelo/
SILO 5 - Compra;Artigo Filho;https://zencial.info/onde-comprar/;/onde-comprar/;Onde Comprar Zencial: Loja Oficial Preço e Cuidado com Falsos;Saiba onde comprar Zencial com segurança. Loja oficial kit com desconto e como identificar produtos falsos. Não caia em golpes.;onde comprar zencial;Transacional / Branded;ALTA;Article + Offer;/queda-de-cabelo/ + /preco/;/queda-de-cabelo/ + /funciona/
SILO 5 - Compra;Artigo Filho;https://zencial.info/preco/;/preco/;Zencial Preço 2025: Vale a Pena? Análise dos Kits e Descontos;Quanto custa o Zencial? Veja a tabela de preços dos kits (1 3 e 6 unidades) o custo por mês de uso e se realmente vale a pena comprar.;zencial preco;Transacional / Branded;ALTA;Article + Offer + FAQPage;/queda-de-cabelo/ + /onde-comprar/;/queda-de-cabelo/ + /onde-comprar/
